siteID,plotID,year,plotArea_m2,tree_AGBJenkins,tree_AGBChojnacky,tree_AGBAnnighofer,n_trees,small_woody_AGBJenkins,small_woody_AGBChojnacky,small_woody_AGBAnnighofer,n_small_woody_total,n_small_woody_measured,n_unaccounted_trees,total_AGBJenkins,total_AGBChojnacky,total_AGBAnnighofer,growth,growth_cumu
CLBJ,CLBJ_001,2016,1600,0.2862421516838119,0.27460777988937746,,1,0.006751425567306552,0.006371521057214313,0.031160901907759175,12,12,0,0.29299357725111846,0.2809793009465918,0.031160901907759175,,0.0856885173766701
CLBJ,CLBJ_001,2017,1600,0.3907273998384475,0.3751721864691919,,1,0.011445051259681168,0.010806420914906825,0.03887352619208978,15,15,0,0.40217245109812866,0.3859786073840987,0.03887352619208978,0.1091788738470102,0.0856885173766701
CLBJ,CLBJ_001,2018,1600,0.4298692916971487,0.41286590099626314,,1,0.005626187972755458,0.005309600881011928,0.05597410649817717,14,14,0,0.43549547966990415,0.41817550187727504,0.05597410649817717,0.03332302857177549,0.0856885173766701
CLBJ,CLBJ_001,2019,1600,0.551393309143688,0.5299515122365275,,1,0.005626187972755458,0.005309600881011928,0.05826840643097523,14,14,0,0.5570194971164435,0.5352611131175394,0.05826840643097523,0.12152401744653935,0.0856885173766701
CLBJ,CLBJ_001,2020,1600,0.6189295224889619,0.5950535094882812,,1,0.009487413759072522,0.008952147530005667,0.061891040035773164,14,14,0,0.6284169362480344,0.6040056570182868,0.061891040035773164,0.07139743913159091,0.0856885173766701
CLBJ,CLBJ_001,2021,1600,0.7018048959686812,0.6749687607083126,,1,0.01188661437295183,0.011223894327620542,0.08915873190137823,14,14,0,0.713691510341633,0.6861926550359331,0.08915873190137823,0.08527457409359862,0.0856885173766701
CLBJ,CLBJ_001,2022,1600,0.790882466765225,0.7608940685615937,,1,0.022629275972882824,0.021410031571318357,0.1280496107348051,17,17,0,0.8135117427381078,0.7823041001329121,0.1280496107348051,0.09982023239647475,0.0856885173766701
CLBJ,CLBJ_001,2023,1600,0.8707121722689408,0.8377361916195014,,1,0.027303329309836984,0.025842737036742808,0.15921066930816719,17,17,0,0.8980155015787779,0.8635789286562442,0.15921066930816719,0.08450375884067007,0.0856885173766701
CLBJ,CLBJ_002,2016,1600,30.33125539843717,24.852895357191173,,28,0.06225884353006548,0.10741969708960575,0.18539286318131473,63,51,0,30.393514241967235,24.960315054280777,0.18539286318131473,,-0.8216515077653969
CLBJ,CLBJ_002,2017,1600,47.2572270393036,40.38799929434845,,28,0.1590015802009939,0.7837513204069215,0.20859559431387836,65,53,0,47.416228619504594,41.17175061475537,0.20859559431387836,17.02271437753736,-0.8216515077653969
CLBJ,CLBJ_002,2018,1600,29.025680842405492,22.323117034244163,,29,0.18270320473732166,0.7715131064960318,0.37058891098851315,66,54,0,29.208384047142815,23.094630140740193,0.37058891098851315,-18.20784457236178,-0.8216515077653969
CLBJ,CLBJ_002,2019,1600,29.526649026338955,22.828749702834727,,28,0.21727243147929126,1.1089972681322695,0.37161738574480185,67,55,0,29.743921457818246,23.937746970966998,0.37161738574480185,0.5355374106754311,-0.8216515077653969
CLBJ,CLBJ_002,2020,1600,29.359890916951517,22.679388489710334,,28,0.2198326297370308,1.198185836326707,0.5246234395196424,67,55,0,29.579723546688548,23.877574326037042,0.5246234395196424,-0.16419791112969762,-0.8216515077653969
CLBJ,CLBJ_002,2021,1600,30.052336502460832,23.333014907752926,,28,0.23281498390660071,1.277131881250901,0.6442392937400072,68,55,0,30.285151486367432,24.610146789003828,0.6442392937400072,0.7054279396788843,-0.8216515077653969
CLBJ,CLBJ_002,2022,1600,31.370512378958228,24.45067497398187,,28,0.24064535622825503,1.3020304666070683,0.6552397251710156,65,53,0,31.611157735186485,25.752705440588937,0.6552397251710156,1.326006248819052,-0.8216515077653969
CLBJ,CLBJ_002,2023,1600,31.123384256612937,24.07139487047478,,28,0.26163332289044594,1.6896056206432826,0.9218640309555071,64,52,0,31.385017579503383,25.76100049111806,0.9218640309555071,-0.22614015568310109,-0.8216515077653969
CLBJ,CLBJ_003,2016,1600,37.208178099014646,36.01375566892679,,18,2.2432322753103455,12.939198206125132,0.3151840679291233,77,66,1,39.45141037432499,48.952953875051925,0.3151840679291233,,0.8559768882167508
CLBJ,CLBJ_003,2017,1600,38.717703180499775,37.471740086403415,,18,2.2334283013124256,13.282261657939761,0.32633421540263113,79,68,1,40.9511314818122,50.75400174434318,0.32633421540263113,1.499721107487204,0.8559768882167508
CLBJ,CLBJ_003,2018,1600,38.437775800307215,37.19454902431795,,18,2.273783259116587,13.114131763535463,0.33732292990201485,78,66,1,40.7115590594238,50.30868078785341,0.33732292990201485,-0.23957242238839882,0.8559768882167508
CLBJ,CLBJ_003,2019,1600,39.8369554663205,38.542057185779804,,18,2.282281130310598,13.118726445046024,0.4160451912351391,78,66,1,42.1192365966311,51.660783630825826,0.4160451912351391,1.4076775372072987,0.8559768882167508
CLBJ,CLBJ_003,2020,1600,40.54852572434786,39.22722114554,,18,2.348319188115539,13.458638416593795,0.596989775537262,80,66,1,42.8968449124634,52.68585956213379,0.596989775537262,0.7776083158323033,0.8559768882167508
CLBJ,CLBJ_003,2021,1600,41.38792610548984,40.033805989682065,,18,2.3862088261262344,13.630449946823866,0.8717603774872229,81,67,1,43.774134931616075,53.66425593650593,0.8717603774872229,0.8772900191526745,0.8559768882167508
CLBJ,CLBJ_003,2022,1600,42.414283643379626,41.02306576895524,,18,2.40481302454819,12.58401020251189,1.0553537595769855,83,69,1,44.819096667927816,53.60707597146713,1.0553537595769855,1.0449617363117412,0.8559768882167508
CLBJ,CLBJ_003,2023,1600,43.08869434663934,41.670132728209964,,18,2.447986991574199,14.14270360416062,1.21873153963267,84,69,1,45.53668133821354,55.81283633237058,1.21873153963267,0.7175846702857243,0.8559768882167508
CLBJ,CLBJ_004,2016,400,15.7076164542265,15.106631218674648,,7,1.6855695426341977,1.6082715782798398,1.6688128166036287,52,47,0,17.393185996860698,16.714902796954487,1.6688128166036287,,2.5543116711090113
CLBJ,CLBJ_004,2017,400,20.611536091021904,19.83099291280334,,8,0.32774073037988416,0.3105804917049798,1.8232608529945122,52,45,0,20.939276821401787,20.141573404508318,1.8232608529945122,3.546090824541089,2.5543116711090113
CLBJ,CLBJ_004,2018,400,22.890748370686705,22.026702056515028,,9,0.3713316463381435,0.3522729607727247,1.517862665836532,47,44,0,23.262080017024847,22.378975017287754,1.517862665836532,2.3228031956230595,2.5543116711090113
CLBJ,CLBJ_004,2019,400,25.74930644912639,24.783042667207447,,9,0.5153836987143784,0.48915067713698523,1.0574119941584317,51,48,0,26.264690147840767,25.272193344344434,1.0574119941584317,3.0026101308159205,2.5543116711090113
CLBJ,CLBJ_004,2020,400,27.602325349929703,26.563337755040983,,10,0.3912742154486345,0.37109126230467676,1.1880095784791118,49,46,0,27.99359956537834,26.93442901734566,1.1880095784791118,1.7289094175375723,2.5543116711090113
CLBJ,CLBJ_004,2021,400,29.45249769751766,28.34768442862142,,10,0.7775235241324552,0.7384895362701398,1.6563549425295108,54,51,0,30.230021221650116,29.08617396489156,1.6563549425295108,2.2364216562717765,2.5543116711090113
CLBJ,CLBJ_004,2022,400,32.580440696466454,31.36722569863975,,10,0.7713975806721622,0.732481099061327,2.371043738518484,55,52,0,33.35183827713862,32.099706797701074,2.371043738518484,3.1218170554885027,2.5543116711090113
CLBJ,CLBJ_004,2023,400,35.10695113146814,33.80042914651572,,10,0.8386120172581875,0.7965140665037279,1.7116867531910285,55,52,0,35.94556314872633,34.59694321301944,1.7116867531910285,2.5937248715877104,2.5543116711090113
CLBJ,CLBJ_005,2016,400,121.88038590461782,116.83196070355447,,15,1.6495199662409978,11.425378727488264,,50,38,2,123.52990587085883,128.25733943104274,0.0,,2.546874322202008
CLBJ,CLBJ_005,2017,400,126.14612314026753,120.9405720903041,,15,0.7991893750362699,3.6393724501094997,,48,36,2,126.9453125153038,124.5799445404136,0.0,3.415406644444971,2.546874322202008
CLBJ,CLBJ_005,2018,400,129.47214581992952,124.32960197475603,,16,1.140058938557623,10.679967313404198,,54,42,2,130.61220475848714,135.00956928816024,0.0,3.666892243183341,2.546874322202008
CLBJ,CLBJ_005,2019,400,133.17683045379073,127.2092657295736,,16,1.19089171685573,10.933100202145088,,53,41,2,134.36772217064646,138.1423659317187,0.0,3.755517412159321,2.546874322202008
CLBJ,CLBJ_005,2020,400,131.38611127543285,125.28499055420723,,16,1.1669613787646722,11.049049206973445,,53,40,2,132.55307265419754,136.33403976118066,0.0,-1.8146495164489238,2.546874322202008
CLBJ,CLBJ_006,2016,1600,0.0,0.0,0.0,0,0.3012005908402748,0.2868052476775198,0.4733509007696924,41,40,0,0.3012005908402748,0.2868052476775198,0.4733509007696924,,0.258420584032894
CLBJ,CLBJ_006,2017,1600,0.10271331829851561,0.09825679452104875,,1,0.6203498650692546,0.591557817022293,0.5379548399154385,45,44,0,0.7230631833677702,0.6898146115433418,0.5379548399154385,0.4218625925274954,0.258420584032894
CLBJ,CLBJ_006,2018,1600,0.24390678741898375,0.23388854816871998,,1,0.6375852219002888,0.6080809422852674,0.5445367176274712,45,44,0,0.8814920093192725,0.8419694904539874,0.5445367176274712,0.15842882595150232,0.258420584032894
CLBJ,CLBJ_006,2019,1600,0.5244247626603725,0.5029921147435243,,2,0.8564209449423051,0.8167699989400174,0.5521868350051806,58,57,0,1.3808457076026777,1.3197621136835418,0.5521868350051806,0.49935369828340515,0.258420584032894
CLBJ,CLBJ_006,2021,1600,0.7490215464830837,0.719173636765163,,2,0.8845956999339889,0.8440111621202315,0.7757765985459885,49,48,0,1.6336172464170726,1.5631847988853944,0.7757765985459885,0.12638576940719748,0.258420584032894
CLBJ,CLBJ_006,2022,1600,0.8758366810856469,0.8412732900235913,,2,1.1105073955338995,1.0602149373383116,1.0178253950524463,51,50,0,1.9863440766195466,1.901488227361903,1.0178253950524463,0.352726830202474,0.258420584032894
CLBJ,CLBJ_006,2023,1600,1.027779134056732,0.9870866085587977,,2,1.140747784394661,1.0891767184397723,1.0650050564425486,49,48,0,2.168526918451393,2.07626332699857,1.0650050564425486,0.18218284183184652,0.258420584032894
CLBJ,CLBJ_007,2016,400,66.74969035213509,59.66080284558786,,20,4.042783287506299,5.781518703996794,3.7689337637479934,91,81,0,70.79247363964139,65.44232154958465,3.7689337637479934,,6.804691489688407
CLBJ,CLBJ_007,2017,400,78.24283634363509,70.60091606109302,,24,1.6886645366818813,1.384235558075299,4.278855840660219,87,77,0,79.93150088031697,71.98515161916832,4.278855840660219,9.139027240675588,6.804691489688407
CLBJ,CLBJ_007,2018,400,83.31357652457285,72.92309278883955,,25,2.3910991316971315,2.6406903846257856,3.589954626842649,88,78,0,85.70467565626998,75.56378317346534,3.589954626842649,5.773174775953009,6.804691489688407
CLBJ,CLBJ_007,2019,400,88.6938775081518,80.45246794546755,,24,2.856509505133275,3.1602302725809452,3.902607862473708,91,79,0,91.55038701328507,83.6126982180485,3.902607862473708,5.845711357015091,6.804691489688407
CLBJ,CLBJ_008,2016,400,166.8384339574342,155.69921972002436,,23,1.0153795449767153,6.840579374424745,1.2906549816632833,46,39,0,167.85381350241093,162.5397990944491,1.2906549816632833,,-3.8000216221248735
CLBJ,CLBJ_008,2017,400,164.53271097241853,152.93275433570298,,23,1.1850172622872488,7.228024220264327,0.9376311632175203,46,39,0,165.7177282347058,160.1607785559673,0.9376311632175203,-2.136085267705141,-3.8000216221248735
CLBJ,CLBJ_008,2018,400,167.40740309820106,156.43516460017483,,23,1.2599886680370604,7.981193270131397,0.5973162000930313,47,40,0,168.66739176623813,164.41635787030623,0.5973162000930313,2.9496635315323374,-3.8000216221248735
CLBJ,CLBJ_008,2019,400,152.81505420370016,141.35269256468422,,23,1.388799381117078,7.776549243978987,0.23661795081161804,47,40,0,154.20385358481724,149.1292418086632,0.23661795081161804,-14.463538181420887,-3.8000216221248735
CLBJ,CLBJ_009,2016,400,116.66714757056201,112.79911812288786,,16,3.842749022867863,5.410281144667117,0.5585442038574939,46,24,1,120.50989659342987,118.20939926755497,0.5585442038574939,,7.645245026707363
CLBJ,CLBJ_009,2017,400,72.30850965173411,69.18339763085696,,17,6.461571769497025,10.33997593971143,1.1199828444196795,84,23,1,78.77008142123114,79.5233735705684,1.1199828444196795,-41.73981517219873,7.645245026707363
CLBJ,CLBJ_009,2018,400,80.06627362460975,76.67040086305605,,17,4.7329562232354,8.224183765634763,0.8408977158336702,64,24,1,84.79922984784515,84.89458462869081,0.8408977158336702,6.0291484266140145,7.645245026707363
CLBJ,CLBJ_009,2019,400,138.01024851477948,132.516688164093,,18,5.974082025470275,9.930776985665469,1.1534320378415372,74,23,1,143.98433054024974,142.44746514975847,1.1534320378415372,59.18510069240459,7.645245026707363
CLBJ,CLBJ_010,2016,400,17.04707274453101,17.078477083055287,,5,0.4497493962980735,0.42672436872519864,1.1718751923510897,37,8,0,17.496822140829085,17.505201451780486,1.1718751923510897,,2.065518592300328
CLBJ,CLBJ_010,2017,400,20.43090595376959,20.6509115423808,,5,0.46943332694124396,0.44528133351179344,1.1152789549077717,42,11,0,20.90033928071083,21.096192875892594,1.1152789549077717,3.403517139881746,2.065518592300328
CLBJ,CLBJ_010,2018,400,19.99437229621364,20.06391366724453,,5,0.4247253910420778,0.40287358746305113,1.0163061731067045,38,9,0,20.419097687255718,20.466787254707583,1.0163061731067045,-0.4812415934551133,2.065518592300328
CLBJ,CLBJ_010,2019,400,24.092548583350474,24.41022668834115,,5,0.4497493962980735,0.42672436872519864,0.518362679627449,37,8,0,24.54229797964855,24.83695105706635,0.518362679627449,4.123200292392831,2.065518592300328
CLBJ,CLBJ_011,2016,400,147.77518768978973,109.23477586680595,,25,3.5982141689818667,4.426505725381432,0.847785901149669,50,43,0,151.3734018587716,113.66128159218738,0.847785901149669,,-1.2933617341851005
CLBJ,CLBJ_011,2017,400,147.19432904899043,106.9773401759788,,25,3.4099511171003862,4.557576870627094,1.0536002413776553,54,45,0,150.6042801660908,111.53491704660588,1.0536002413776553,-0.769121692680784,-1.2933617341851005
CLBJ,CLBJ_011,2018,400,137.03663970120908,96.52210817645086,,25,3.3682723444443914,4.649959398867267,0.8646505538439289,48,41,0,140.40491204565348,101.17206757531812,0.8646505538439289,-10.199368120437327,-1.2933617341851005
CLBJ,CLBJ_011,2019,400,147.25919993662058,102.81079292227365,,27,3.2027855150131224,4.407888226328826,1.1785662446744134,50,40,0,150.4619854516337,107.21868114860247,1.1785662446744134,10.05707340598022,-1.2933617341851005
CLBJ,CLBJ_012,2016,400,151.17623182230628,141.22184298710556,,38,1.38633547917027,4.705870959701436,3.7457731631556164,59,45,1,152.56256730147655,145.927713946807,3.7457731631556164,,2.5926931810510325
CLBJ,CLBJ_012,2017,400,137.4603267742471,130.9867838302576,,40,1.0206425852154701,4.303029242738154,3.8477719704720634,63,49,1,138.4809693594626,135.28981307299574,3.8477719704720634,-14.081597942013957,2.5926931810510325
CLBJ,CLBJ_012,2018,400,141.594686220419,134.6650740846141,,41,1.1485719042021179,4.598609180765572,4.628511887319803,58,43,1,142.74325812462112,139.26368326537968,4.628511887319803,4.26228876515853,2.5926931810510325
CLBJ,CLBJ_012,2019,400,158.52279572275114,151.10914426133638,,41,1.2613192605093286,5.4213693578775395,3.8756142053373264,58,44,1,159.78411498326048,156.53051361921393,3.8756142053373264,17.04085685863936,2.5926931810510325
CLBJ,CLBJ_013,2016,400,0.0,0.0,0.0,0,0.0,0.0,0.0,0,0,0,0.0,0.0,0.0,,
CLBJ,CLBJ_014,2016,400,203.71805380825037,195.729136020586,,23,2.333511002504637,3.820831476149349,2.7057894852755284,88,75,1,206.05156481075502,199.54996749673535,2.7057894852755284,,-17.937147542552303
CLBJ,CLBJ_014,2017,400,170.51060006488296,162.97816079052066,,24,2.138956891939688,3.077661497648956,2.3692904749662214,92,78,1,172.64955695682266,166.05582228816962,2.3692904749662214,-33.40200785393236,-17.937147542552303
CLBJ,CLBJ_014,2018,400,172.37772705593696,165.102739092047,,26,2.5635445658826046,4.037312343688529,1.847873355529836,90,77,1,174.94127162181957,169.14005143573553,1.847873355529836,2.2917146649969027,-17.937147542552303
CLBJ,CLBJ_014,2019,400,142.71134039999072,135.2897431649148,,24,2.785827713924328,3.894916169239405,2.295528939210927,95,81,1,145.49716811391505,139.1846593341542,2.295528939210927,-29.444103507904515,-17.937147542552303
CLBJ,CLBJ_015,2016,400,202.41895512748704,196.17383852809144,,28,0.3066859235918558,0.4172795255494828,0.9157234901730404,34,30,1,202.7256410510789,196.5911180536409,0.9157234901730404,,7.300575761144794
CLBJ,CLBJ_015,2017,400,211.29407154890845,205.2050641370974,,28,0.3052244242045181,0.43769464958649235,1.16277629012638,34,30,1,211.59929597311296,205.64275878668388,1.16277629012638,8.873654922034063,7.300575761144794
CLBJ,CLBJ_015,2018,400,216.49473400426564,210.32440397750474,,28,0.3304372646609428,0.5008978120166871,1.1398860653181204,34,30,1,216.82517126892657,210.82530178952143,1.1398860653181204,5.2258752958136085,7.300575761144794
CLBJ,CLBJ_015,2019,400,224.94863973367916,218.2191317730542,,28,0.37029542261118736,0.5876081695817845,4.79858099978498,34,30,1,225.31893515629034,218.80673994263597,4.79858099978498,8.49376388736377,7.300575761144794
CLBJ,CLBJ_016,2016,400,98.21926405598153,92.09771003581281,,12,1.666678511849709,6.195577123782035,,47,33,1,99.88594256783124,98.29328715959484,0.0,,0.54556734649546
CLBJ,CLBJ_016,2017,400,96.25931323447891,89.73825958993146,,13,1.9981693783275851,7.54007213057099,,47,33,1,98.2574826128065,97.27833172050245,0.0,-1.6284599550247378,0.54556734649546
CLBJ,CLBJ_016,2018,400,98.44426236195429,91.30537331145827,,13,2.1822967708146885,8.053041214287502,,50,33,1,100.62655913276897,99.35841452574577,0.0,2.3690765199624764,0.54556734649546
CLBJ,CLBJ_016,2019,400,98.80062697983091,91.35480535392684,,14,2.1141812363310373,8.694807257497716,,51,32,1,100.91480821616194,100.04961261142455,0.0,0.2882490833929694,0.54556734649546
CLBJ,CLBJ_017,2016,400,95.24798083322716,91.30258226535608,,16,1.0738094146973447,1.612906694590135,0.6067923800146331,40,25,0,96.32179024792451,92.91548895994622,0.6067923800146331,,-4.2677251522781035
CLBJ,CLBJ_017,2017,400,104.08347498749839,99.7371033542572,,16,1.2650548944903146,1.987490843234268,0.5565105414658761,42,26,0,105.34852988198871,101.72459419749147,0.5565105414658761,9.0267396340642,-4.2677251522781035
CLBJ,CLBJ_017,2018,400,94.32683692311083,91.1186362975311,,16,0.9006284310331297,1.29068898523393,0.42479058274915815,42,27,0,95.22746535414396,92.40932528276502,0.42479058274915815,-10.121064527844752,-4.2677251522781035
CLBJ,CLBJ_017,2019,400,84.25560938067834,81.36844357977063,,16,1.214118535600746,1.8797941508534621,0.3697183757833011,42,26,0,85.46972791627908,83.24823773062408,0.3697183757833011,-9.757737437864876,-4.2677251522781035
CLBJ,CLBJ_018,2016,400,6.618020078701028,6.3617819569243945,,3,1.9580776808564073,2.1173223802045094,1.7331108430765476,44,43,0,8.576097759557436,8.479104337128904,1.7331108430765476,,1.2414585319221128
CLBJ,CLBJ_018,2017,400,8.773240600779674,8.43575426024616,,4,1.9198433840258886,2.073330571232133,1.7486388578758838,44,43,0,10.693083984805563,10.509084831478294,1.7486388578758838,2.1169862252481266,1.2414585319221128
CLBJ,CLBJ_018,2018,400,9.141783121626709,8.790723880469102,,4,1.8362064815518182,2.0357494792482433,1.8180682474193706,45,44,0,10.977989603178527,10.826473359717346,1.8180682474193706,0.2849056183729637,1.2414585319221128
CLBJ,CLBJ_018,2019,400,9.520719419757151,9.155059346464823,,4,3.0986049067496735,3.413306322228575,2.2393467568578,52,51,0,12.619324326506824,12.568365668693398,2.2393467568578,1.6413347233282973,1.2414585319221128
CLBJ,CLBJ_019,2016,400,0.0,0.0,0.0,0,1.6327090303056668,1.5573067239931215,1.301730395824221,30,16,0,1.6327090303056668,1.5573067239931215,1.301730395824221,,0.8704505899988094
CLBJ,CLBJ_019,2017,400,1.0223850651273525,0.9805197886191624,,1,1.3463830154475986,1.2839648271553883,1.4080800879496838,32,15,0,2.3687680805749514,2.264484615774551,1.4080800879496838,0.7360590502692845,0.8704505899988094
CLBJ,CLBJ_019,2018,400,0.0,0.0,0.0,0,2.444938245212407,2.3330282304627543,1.6507177152004424,37,17,0,2.444938245212407,2.3330282304627543,1.6507177152004424,0.07617016463745552,0.8704505899988094
CLBJ,CLBJ_019,2019,400,0.0,0.0,0.0,0,4.508820942089213,4.307275864899976,1.7894335476844272,40,20,0,4.508820942089213,4.307275864899976,1.7894335476844272,2.063882696876806,0.8704505899988094
CLBJ,CLBJ_020,2016,400,0.0,0.0,0.0,0,,,,23,0,0,0.0,0.0,0.0,,0.0
CLBJ,CLBJ_020,2017,400,0.0,0.0,0.0,0,,,,31,0,0,0.0,0.0,0.0,0.0,0.0
CLBJ,CLBJ_020,2018,400,0.0,0.0,0.0,0,,,,26,0,0,0.0,0.0,0.0,0.0,0.0
CLBJ,CLBJ_020,2019,400,0.0,0.0,0.0,0,,,,29,0,0,0.0,0.0,0.0,0.0,0.0
CLBJ,CLBJ_021,2016,400,147.1811120545619,137.73135172429403,,33,1.8055862075998217,10.795536782035272,1.452952651605721,71,55,0,148.98669826216172,148.5268885063293,1.452952651605721,,-11.166154563414517
CLBJ,CLBJ_021,2017,400,144.73211062477088,135.44487698550077,,32,2.1566896072594557,11.772346884573686,1.1862584746070033,79,63,0,146.88880023203035,147.21722387007446,1.1862584746070033,-2.0978980301313754,-11.166154563414517
CLBJ,CLBJ_021,2018,400,125.51386133293151,116.76180876603851,,33,1.634330985954549,9.255585163305538,0.6984448932013566,73,57,0,127.14819231888606,126.01739392934405,0.6984448932013566,-19.740607913144288,-11.166154563414517
CLBJ,CLBJ_021,2019,400,116.3194005739887,107.43148301024044,,32,2.02698511450606,11.310866102812536,0.5659703336622598,74,58,0,118.34638568849476,118.74234911305298,0.5659703336622598,-8.801806630391297,-11.166154563414517
CLBJ,CLBJ_022,2016,400,89.71505893774184,87.89176945713513,0.0019275532183399946,12,6.113376482055074,6.383634839123156,2.4137214717970834,90,75,1,95.82843541979692,94.27540429625829,2.4156490250154232,,-0.40864351091132817
CLBJ,CLBJ_022,2017,400,91.93989527559565,90.36955881943733,0.007164977940608708,12,7.293989783950108,7.657978191685619,3.158854866407284,105,82,1,99.23388505954576,98.02753701112294,3.166019844347893,3.405449639748838,-0.40864351091132817
CLBJ,CLBJ_022,2018,400,83.00667484889026,81.73810115766153,,11,5.646892149539002,5.855619018712188,2.5514529400375077,102,79,1,88.65356699842926,87.59372017637372,2.5514529400375077,-10.5803180611165,-0.40864351091132817
CLBJ,CLBJ_022,2019,400,89.17503167732096,87.71212629626439,,12,8.818031393143695,9.17929500574591,4.105904004850539,121,97,1,97.99306307046466,96.8914213020103,4.105904004850539,9.339496072035402,-0.40864351091132817
CLBJ,CLBJ_023,2016,400,18.058955496555154,17.395640204432677,,4,0.06565785582389903,0.061976283988475524,0.43892259869767847,19,9,0,18.124613352379054,17.457616488421152,0.43892259869767847,,0.15467209070841328
CLBJ,CLBJ_023,2017,400,17.555849135012682,16.91678447040217,,4,0.08639191555776188,0.08154774209009938,0.5952103331826373,25,13,0,17.642241050570444,16.99833221249227,0.5952103331826373,-0.4823723018086099,0.15467209070841328
CLBJ,CLBJ_023,2018,400,18.997056737433795,18.30991452900721,,4,0.07948056231314093,0.07502392272289143,0.46845575253182864,23,12,0,19.076537299746935,18.3849384517301,0.46845575253182864,1.4342962491764908,0.15467209070841328
CLBJ,CLBJ_023,2019,400,18.09297470590206,17.444701060411468,,4,0.0691135324462095,0.0652381936720795,0.3787572980272216,20,9,0,18.162088238348268,17.509939254083548,0.3787572980272216,-0.9144490613986669,0.15467209070841328
CLBJ,CLBJ_024,2016,400,0.0,0.0,0.0,1,0.253155165991264,0.21596911997318236,0.9597845250269701,47,19,0,0.253155165991264,0.21596911997318236,0.9597845250269701,,0.36403974592323396
CLBJ,CLBJ_024,2017,400,0.0,0.0,0.0,1,0.4421093791141974,0.48229909669857934,1.120534662032879,58,23,0,0.4421093791141974,0.48229909669857934,1.120534662032879,0.18895421312293342,0.36403974592323396
CLBJ,CLBJ_024,2018,400,0.0,0.0,0.0,1,0.4360451264696222,0.5691961278925474,0.9849503442257077,48,19,0,0.4360451264696222,0.5691961278925474,0.9849503442257077,-0.006064252644575219,0.36403974592323396
CLBJ,CLBJ_024,2019,400,1.02326274060035,,,1,0.44537966268321866,0.6085585858221659,0.9949917602200926,49,20,0,1.4686424032835688,0.6085585858221659,0.9949917602200926,1.0325972768139466,0.36403974592323396
CLBJ,CLBJ_025,2016,400,2.825031391737259,2.7116216951948746,,2,0.21559926806095914,0.20164022588249875,2.9271507337222147,16,5,0,3.0406306597982184,2.9132619210773734,2.9271507337222147,,0.8880799647226596
CLBJ,CLBJ_025,2017,400,3.6443092884880928,3.500767470829348,,2,0.20674666183151674,0.1928092143258539,2.702037047638275,15,4,0,3.8510559503196093,3.693576685155202,2.702037047638275,0.8104252905213909,0.8880799647226596
CLBJ,CLBJ_025,2018,400,4.449359484123782,4.276446001617752,,2,0.30447054308293214,0.28487661581299406,4.498916057489221,22,5,0,4.753830027206714,4.561322617430746,4.498916057489221,0.9027740768871046,0.8880799647226596
CLBJ,CLBJ_025,2019,400,5.263124012649515,5.061081402390007,,2,0.43684850392853375,0.4092732267080288,5.454880201148304,29,5,0,5.699972516578049,5.470354629098036,5.454880201148304,0.9461424893713346,0.8880799647226596
CLBJ,CLBJ_026,2016,400,68.9003753070712,44.163850625715774,,15,0.6936266425318736,0.9575154631347412,1.4296479120030507,46,33,2,69.59400194960307,45.121366088850515,1.4296479120030507,,8.418418131809208
CLBJ,CLBJ_026,2017,400,75.9285734796154,50.41106933453872,,15,0.7646190549583968,0.899345868904191,1.415155299245286,48,33,2,76.6931925345738,51.310415203442915,1.415155299245286,7.099190584970728,8.418418131809208
CLBJ,CLBJ_026,2018,400,83.41971739322273,56.67151668483547,,15,0.8080489229674374,0.8711748566041649,1.2894971165173568,46,33,2,84.22776631619017,57.54269154143963,1.2894971165173568,7.534573781616373,8.418418131809208
CLBJ,CLBJ_026,2019,400,94.33271025768809,62.745024931157744,,15,0.8111608707402136,0.6693834725429407,1.3260127406013775,47,34,2,95.1438711284283,63.41440840370068,1.3260127406013775,10.916104812238132,8.418418131809208
CLBJ,CLBJ_027,2016,400,223.15704886022885,204.20135947717654,,33,1.3577849594703357,0.2811221818553884,6.263228511792341,81,58,0,224.5148338196992,204.48248165903192,6.263228511792341,,3.2632242516415944
CLBJ,CLBJ_027,2017,400,222.81490116412266,203.4101947323246,,33,1.6711581289892234,0.3422470787513193,3.6364957039153567,83,60,0,224.48605929311188,203.75244181107593,3.6364957039153567,-0.02877452658731272,3.2632242516415944
CLBJ,CLBJ_027,2018,400,225.83779736818786,205.78782302689007,,33,1.816302484650525,0.3141412552352577,0.8345100910303399,81,59,0,227.65409985283839,206.10196428212532,0.8345100910303399,3.1680405597265064,3.2632242516415944
CLBJ,CLBJ_027,2019,400,232.17048418891326,211.15477662328894,,33,2.1657502830157447,0.31984167736767394,0.0,82,60,0,234.336234471929,211.4746183006566,0.0,6.682134619090618,3.2632242516415944
CLBJ,CLBJ_028,2016,400,249.19941436064013,224.06616003016006,,25,2.7050088228952,2.966229901257787,1.2524277443452718,71,42,0,251.90442318353533,227.03238993141784,1.2524277443452718,,15.341127298103217
CLBJ,CLBJ_028,2017,400,222.34404725605873,197.60023593966392,,26,3.1661627900653753,3.675240757375684,1.4288260181967185,81,39,0,225.51021004612412,201.2754766970396,1.4288260181967185,-26.394213137411214,15.341127298103217
CLBJ,CLBJ_028,2018,400,218.16232192922735,194.17241296172392,,25,3.4595844167729592,3.5885130613361325,1.3229870538858506,75,44,0,221.62190634600032,197.76092602306005,1.3229870538858506,-3.8883037001237994,15.341127298103217
CLBJ,CLBJ_028,2019,400,299.9691673924514,273.47958416445226,,25,4.3684480181358865,4.270369703923802,1.5346649825075867,87,44,0,304.3376154105873,277.74995386837605,1.5346649825075867,82.715709064587,15.341127298103217
CLBJ,CLBJ_029,2016,400,206.95506947077254,194.24096172380564,,21,1.5804004596270598,2.457111092841762,4.402651555812324,73,58,0,208.53546993039961,196.6980728166474,4.402651555812324,,-0.5319589669268481
CLBJ,CLBJ_029,2017,400,193.93437228214538,181.17261914805962,,23,1.0940702087587546,0.94059857069429,3.470686967533066,78,63,0,195.02844249090413,182.1132177187539,3.470686967533066,-13.507027439495488,-0.5319589669268481
CLBJ,CLBJ_029,2018,400,188.78410966047286,176.283695819954,,22,1.037314467769848,0.8141102905432183,3.2817296241931224,74,59,0,189.8214241282427,177.09780611049723,3.2817296241931224,-5.207018362661415,-0.5319589669268481
CLBJ,CLBJ_029,2019,400,207.3217048040837,193.94840798090303,,21,1.1762413574468853,0.8671805392680577,3.819530626044095,80,65,0,208.4979461615306,194.81558852017108,3.819530626044095,18.67652203328788,-0.5319589669268481
CLBJ,CLBJ_030,2016,400,1.1704711131253276,1.1229661752268776,,1,0.8095929977889492,0.7293132219119409,1.7606056164931836,51,24,0,1.980064110914277,1.8522793971388185,1.7606056164931836,,0.9603356895744743
CLBJ,CLBJ_030,2017,400,1.7845822468799872,1.7141714201329574,,1,1.1600661510750927,1.0698483279067612,1.99235888543968,57,29,0,2.94464839795508,2.784019748039719,1.99235888543968,0.964584287040803,0.9603356895744743
CLBJ,CLBJ_030,2018,400,2.1317476497318375,2.04865643657706,,1,1.8031292472765914,1.6707763167665355,2.130149753212854,65,37,0,3.934876897008429,3.719432753343596,2.130149753212854,0.990228499053349,0.9603356895744743
CLBJ,CLBJ_030,2019,400,2.680028437212825,2.5772136831678,,1,2.171078472598584,2.0264561129248007,2.731923048413733,67,39,0,4.851106909811409,4.603669796092601,2.731923048413733,0.9162300128029801,0.9603356895744743
CLBJ,CLBJ_031,2016,250000,0.0,0.0,0.0,0,,,,2,0,0,0.0,0.0,0.0,,
CLBJ,CLBJ_032,2016,1600,0.0,0.0,0.0,0,0.031307549686242206,0.0180447512233681,,77,1,17,0.031307549686242206,0.0180447512233681,0.0,,0.0037406423001743933
CLBJ,CLBJ_032,2021,1600,0.0,0.0,0.0,0,0.05001076118711417,0.0288247324736919,,123,3,17,0.05001076118711417,0.0288247324736919,0.0,0.0037406423001743933,0.0037406423001743933
CLBJ,CLBJ_033,2016,1600,15.061425152771886,14.489167853241234,,24,2.14129510178279,2.5873355886366056,0.8063582174942907,113,31,9,17.202720254554677,17.07650344187784,0.8063582174942907,,1.20545901169899
CLBJ,CLBJ_033,2021,1600,22.59052086525382,21.744375584726633,,29,0.6394944477958074,0.642411448649603,0.9128081076865808,106,31,9,23.230015313049627,22.386787033376237,0.9128081076865808,1.20545901169899,1.20545901169899
CLBJ,CLBJ_034,2021,1600,0.0,0.0,0.0,0,0.0,0.0,0.0,0,0,0,0.0,0.0,0.0,,
CLBJ,CLBJ_035,2016,1600,0.0,0.0,0.0,0,0.014281883543051668,,,51,1,1,0.014281883543051668,0.0,0.0,,-5.6007386443340104e-05
CLBJ,CLBJ_035,2021,1600,0.0,0.0,0.0,0,0.014001846610834968,,,50,1,1,0.014001846610834968,0.0,0.0,-5.6007386443340104e-05,-5.6007386443340104e-05
CLBJ,CLBJ_036,2016,1600,3.793006693349187,3.6652018107016,,1,0.3034588366486181,0.23561868806359473,1.2083393361099766,115,57,1,4.096465529997805,3.9008204987651944,1.2083393361099766,,0.09678349177091868
CLBJ,CLBJ_036,2021,1600,4.431876186454913,4.284407351929806,,1,0.14850680239748593,0.14143362636426127,1.6013890700185685,143,67,1,4.580382988852398,4.425840978294067,1.6013890700185685,0.09678349177091868,0.09678349177091868
CLBJ,CLBJ_037,2016,1600,0.0,0.0,0.0,0,0.0,0.0,0.0,0,0,0,0.0,0.0,0.0,,0.0
CLBJ,CLBJ_037,2021,1600,0.0,0.0,0.0,0,0.0,0.0,0.0,0,0,0,0.0,0.0,0.0,0.0,0.0
CLBJ,CLBJ_038,2016,1600,19.132096849372388,18.45714496617491,,19,0.14466074079741326,0.17537815785116445,0.24035498700338134,43,21,3,19.2767575901698,18.632523124026072,0.24035498700338134,,0.43437205604669626
CLBJ,CLBJ_038,2021,1600,21.230974160668627,20.479762297594966,,21,0.217643709734655,0.07023937438912402,0.4537116818145387,47,22,3,21.448617870403282,20.55000167198409,0.4537116818145387,0.43437205604669626,0.43437205604669626
CLBJ,CLBJ_039,2016,1600,0.7638489085343106,0.7334493898339581,,2,0.055621895113275865,0.05289275451404326,0.1422158038028056,7,6,6,0.8194708036475865,0.7863421443480014,0.1422158038028056,,0.0
CLBJ,CLBJ_039,2021,1600,0.7638489085343106,0.7334493898339581,,2,0.055621895113275865,0.05289275451404326,0.1422158038028056,7,6,6,0.8194708036475865,0.7863421443480014,0.1422158038028056,0.0,0.0
CLBJ,CLBJ_040,2016,1600,40.705483306445984,37.1819530950584,,27,0.44396113186546327,1.1368082319605177,,50,40,1,41.14944443831145,38.31876132701891,0.0,,0.6947366852640556
CLBJ,CLBJ_040,2021,1600,44.36453118573627,40.90158260897516,,29,0.2585966788954548,0.5293466631105838,,45,35,1,44.623127864631726,41.43092927208575,0.0,0.6947366852640556,0.6947366852640556
CLBJ,CLBJ_041,2016,1600,1.4961867271670564,1.4420207273087438,,1,,,,8,0,34,1.4961867271670564,1.4420207273087438,0.0,,0.0
CLBJ,CLBJ_041,2021,1600,1.4961867271670564,1.4420207273087438,,1,,,,7,0,34,1.4961867271670564,1.4420207273087438,0.0,0.0,0.0
CLBJ,CLBJ_042,2016,1600,43.663354759103676,43.41999479111572,,23,0.8817283973386216,0.4268315773395797,0.20028346952494758,46,31,0,44.545083156442296,43.8468263684553,0.20028346952494758,,0.3875121187466803
CLBJ,CLBJ_042,2021,1600,45.65647606308295,45.382529457996974,,24,0.8261676870927481,0.49989932342093574,0.2859356794983077,56,32,0,46.4826437501757,45.88242878141791,0.2859356794983077,0.3875121187466803,0.3875121187466803
CLBJ,CLBJ_043,2016,1600,30.027501290498734,28.26831018146684,,31,0.6948415658073195,0.24610715316227855,0.5298998071780844,59,39,3,30.722342856306053,28.51441733462912,0.5298998071780844,,0.2945689318107661
CLBJ,CLBJ_043,2021,1600,31.328921809222813,29.537988778556265,,31,0.8662657061370679,0.3493120168476961,0.6411552605840192,60,40,3,32.19518751535988,29.887300795403963,0.6411552605840192,0.2945689318107661,0.2945689318107661
CLBJ,CLBJ_044,2016,1600,2.1922015579652676,2.1088961020215944,,3,0.1950788857553404,0.184960662289952,1.4124461008804963,46,6,0,2.387280443720608,2.2938567643115464,1.4124461008804963,,-0.0008481690685014698
CLBJ,CLBJ_044,2021,1600,2.1922015579652676,2.1088961020215944,,3,0.190838040412833,0.18093977832712696,1.381740750861355,45,6,0,2.3830395983781005,2.2898358803487215,1.381740750861355,-0.0008481690685014698,-0.0008481690685014698
CLBJ,CLBJ_045,2016,1600,8.279341529998966,,,16,0.31838933316171203,0.4703467156827194,,24,12,7,8.597730863160677,0.4703467156827194,0.0,,4.3771463222444815
CLBJ,CLBJ_045,2021,1600,30.283080720188742,21.175572041783134,,16,0.20038175419434356,0.29384549762428835,,23,11,7,30.483462474383085,21.469417539407424,0.0,4.3771463222444815,4.3771463222444815
CLBJ,CLBJ_046,2016,1600,38.90385507566101,31.91302572735144,,31,0.4210514066105106,0.16887395142686626,0.7788152201393587,30,22,4,39.32490648227152,32.081899678778306,0.7788152201393587,,0.7177918828331628
CLBJ,CLBJ_046,2021,1600,42.47904696990653,35.414173819138966,,31,0.4348189265308064,0.1576156879984085,0.7268942054634013,28,20,4,42.913865896437336,35.571789507137375,0.7268942054634013,0.7177918828331628,0.7177918828331628
CLBJ,CLBJ_047,2016,1600,0.0,0.0,0.0,0,0.2933370850256249,0.2797353767592776,0.275996556958024,19,16,21,0.2933370850256249,0.2797353767592776,0.275996556958024,,0.00022196576061858097
CLBJ,CLBJ_047,2021,1600,0.0,0.0,0.0,0,0.2944469138287178,0.2808526158453641,0.26147042238128587,18,15,21,0.2944469138287178,0.2808526158453641,0.26147042238128587,0.00022196576061858097,0.00022196576061858097
CLBJ,CLBJ_048,2021,1600,0.0,0.0,0.0,0,0.0,0.0,0.0,0,0,0,0.0,0.0,0.0,,
CLBJ,CLBJ_049,2016,1600,26.700268410522003,26.412802664939534,,18,0.6029160307058195,0.5609042544698932,0.4408653853157033,56,5,3,27.303184441227824,26.973706919409427,0.4408653853157033,,0.5473836461182365
CLBJ,CLBJ_049,2021,1600,29.45871935649554,29.075937483690776,,18,0.5813833153234688,0.5408719596673971,0.4251201929829996,54,5,3,30.040102671819007,29.61680944335817,0.4251201929829996,0.5473836461182365,0.5473836461182365
CLBJ,CLBJ_051,2016,1600,40.922262892793796,39.546724480710495,,22,0.40963989626165215,0.38955528768827596,0.39037976507406597,22,18,5,41.33190278905545,39.93627976839877,0.39037976507406597,,0.190795126297877
CLBJ,CLBJ_051,2021,1600,41.85868220469133,40.44806219030935,,22,0.42719621585350737,0.4062930429041954,0.3548906955218782,20,16,5,42.28587842054483,40.854355233213546,0.3548906955218782,0.190795126297877,0.190795126297877
CLBJ,CLBJ_052,2016,1600,37.1863415991625,35.89433154002261,,27,0.6565529496092518,0.6755259595860628,0.7393953820999796,56,37,6,37.84289454877175,36.56985749960867,0.7393953820999796,,1.0642188882609858
CLBJ,CLBJ_052,2021,1600,42.52066957424151,41.03841590006823,,27,0.6433194158351742,0.6031481782018417,0.6601744483035532,50,35,6,43.16398899007668,41.64156407827007,0.6601744483035532,1.0642188882609858,1.0642188882609858
